,Name,ID,SpellLevel,SchoolReference,DamageTypeReference,Description,TypeTags,SpellData
SPL_Firebolt,Firebolt,SPL_Firebolt,,"(DataTable=""/Game/Data/SpellSchoolDataTable"",RowName=""SCH_Evocation"")","(DataTable=""/Game/Data/DamageTypeDataTable"",RowName=""DMG_Fire"")","You hurl a mote of fire at a creature or object within range. Make a ranged spell attack against the target. On a hit, the target takes 1d10 fire damage. A flammable object hit by this spell ignites if it isn't being worn or carried.","(GameplayTags=((TagName=""Spell.Damage""),(TagName=""Spell.Target"")))","{'Range': '120', 'CastingTime': '1 action', 'Components': 'V, S', 'Duration': 'Instantaneous', 'Damage': '1d10', 'Scaling': '1d10 per level above 1st'}"
SPL_MageHand,Mage Hand,SPL_MageHand,,"(DataTable=""/Game/Data/SpellSchoolDataTable"",RowName=""SCH_Conjuration"")","(DataTable=None,RowName=None)","A spectral, floating hand appears at a point you choose within range. The hand lasts for the duration or until you dismiss it as an action. The hand vanishes if it is ever more than 30 feet away from you or if you cast this spell again.","(GameplayTags=((TagName=""Spell.Buff"")))","{'Range': '30', 'CastingTime': '1 action', 'Components': 'V, S', 'Duration': '1 minute'}"
SPL_Fireball,Fireball,SPL_Fireball,3,"(DataTable=""/Game/Data/SpellSchoolDataTable"",RowName=""SCH_Evocation"")","(DataTable=""/Game/Data/DamageTypeDataTable"",RowName=""DMG_Fire"")","A bright streak flashes from your pointing finger to a point you choose within range and then blossoms with a low roar into an explosion of flame. Each creature in a 20-foot-radius sphere centered on that point must make a Dexterity saving throw. A target takes 8d6 fire damage on a failed save, or half as much damage on a successful one.","(GameplayTags=((TagName=""Spell.Damage""),(TagName=""Spell.Area"")))","{'Range': '150', 'CastingTime': '1 action', 'Components': 'V, S, M', 'Duration': 'Instantaneous', 'Damage': '8d6', 'Area': '20-foot-radius sphere', 'Scaling': '+1d6 per level above 3rd'}"
SPL_MagicMissile,Magic Missile,SPL_MagicMissile,1,"(DataTable=""/Game/Data/SpellSchoolDataTable"",RowName=""SCH_Evocation"")","(DataTable=""/Game/Data/DamageTypeDataTable"",RowName=""DMG_Force"")","You create three glowing darts of magical force. Each dart hits a creature of your choice that you can see within range. A dart deals 1d4+1 force damage to its target. The darts all strike simultaneously, and you can direct them to hit one creature or several.","(GameplayTags=((TagName=""Spell.Damage""),(TagName=""Spell.Target"")))","{'Range': '120', 'CastingTime': '1 action', 'Components': 'V, S', 'Duration': 'Instantaneous', 'Damage': '1d4+1', 'Missiles': '3', 'Scaling': '+1 missile per level above 1st'}"
SPL_HealingWord,Healing Word,SPL_HealingWord,1,"(DataTable=""/Game/Data/SpellSchoolDataTable"",RowName=""SCH_Evocation"")","(DataTable=None,RowName=None)",A creature of your choice that you can see within range regains hit points equal to 1d4 + your spellcasting ability modifier. This spell has no effect on undead or constructs.,"(GameplayTags=((TagName=""Spell.Healing""),(TagName=""Spell.Target"")))","{'Range': '60', 'CastingTime': '1 bonus action', 'Components': 'V', 'Duration': 'Instantaneous', 'Healing': '1d4 + modifier', 'Scaling': '+1d4 per level above 1st'}"
SPL_Shield,Shield,SPL_Shield,1,"(DataTable=""/Game/Data/SpellSchoolDataTable"",RowName=""SCH_Abjuration"")","(DataTable=None,RowName=None)","An invisible barrier of magical force appears and protects you. Until the start of your next turn, you have a +5 bonus to AC, including against the triggering attack, and you take no damage from magic missile.","(GameplayTags=((TagName=""Spell.Buff""),(TagName=""Spell.Defensive"")))","{'Range': 'Self', 'CastingTime': '1 reaction', 'Components': 'V, S', 'Duration': '1 round', 'ACBonus': '5'}"
SPL_EldritchBlast,Eldritch Blast,SPL_EldritchBlast,,"(DataTable=""/Game/Data/SpellSchoolDataTable"",RowName=""SCH_Evocation"")","(DataTable=""/Game/Data/DamageTypeDataTable"",RowName=""DMG_Force"")","A beam of crackling energy streaks toward a creature within range. Make a ranged spell attack against the target. On a hit, the target takes 1d10 force damage.","(GameplayTags=((TagName=""Spell.Damage""),(TagName=""Spell.Target"")))","{'Range': '120', 'CastingTime': '1 action', 'Components': 'V, S', 'Duration': 'Instantaneous', 'Damage': '1d10', 'Scaling': '+1 beam at 5th, 11th, 17th level'}"
SPL_SacredFlame,Sacred Flame,SPL_SacredFlame,,"(DataTable=""/Game/Data/SpellSchoolDataTable"",RowName=""SCH_Evocation"")","(DataTable=""/Game/Data/DamageTypeDataTable"",RowName=""DMG_Radiant"")","Flame-like radiance descends on a creature that you can see within range. The target must succeed on a Dexterity saving throw or take 1d8 radiant damage.","(GameplayTags=((TagName=""Spell.Damage""),(TagName=""Spell.Target"")))","{'Range': '60', 'CastingTime': '1 action', 'Components': 'V, S', 'Duration': 'Instantaneous', 'Damage': '1d8', 'Scaling': '1d8 per level above 1st'}"
SPL_ChillTouch,Chill Touch,SPL_ChillTouch,,"(DataTable=""/Game/Data/SpellSchoolDataTable"",RowName=""SCH_Necromancy"")","(DataTable=""/Game/Data/DamageTypeDataTable"",RowName=""DMG_Necrotic"")","You create a ghostly, skeletal hand in the space of a creature within range. Make a ranged spell attack against the creature. On a hit, the target takes 1d8 necrotic damage, and it can't regain hit points until the start of your next turn.","(GameplayTags=((TagName=""Spell.Damage""),(TagName=""Spell.Target"")))","{'Range': '120', 'CastingTime': '1 action', 'Components': 'V, S', 'Duration': 'Instantaneous', 'Damage': '1d8', 'Scaling': '1d8 per level above 1st'}"
SPL_RayOfFrost,Ray of Frost,SPL_RayOfFrost,,"(DataTable=""/Game/Data/SpellSchoolDataTable"",RowName=""SCH_Evocation"")","(DataTable=""/Game/Data/DamageTypeDataTable"",RowName=""DMG_Cold"")","A frigid beam of blue-white light streaks toward a creature within range. Make a ranged spell attack against the target. On a hit, it takes 1d8 cold damage, and its speed is reduced by 10 feet until the start of your next turn.","(GameplayTags=((TagName=""Spell.Damage""),(TagName=""Spell.Target"")))","{'Range': '60', 'CastingTime': '1 action', 'Components': 'V, S', 'Duration': 'Instantaneous', 'Damage': '1d8', 'Scaling': '1d8 per level above 1st'}"
SPL_AcidSplash,Acid Splash,SPL_AcidSplash,,"(DataTable=""/Game/Data/SpellSchoolDataTable"",RowName=""SCH_Conjuration"")","(DataTable=""/Game/Data/DamageTypeDataTable"",RowName=""DMG_Acid"")","You hurl a bubble of acid. Choose one creature within range, or choose two creatures within range that are within 5 feet of each other. A target must succeed on a Dexterity saving throw or take 1d6 acid damage.","(GameplayTags=((TagName=""Spell.Damage""),(TagName=""Spell.Target"")))","{'Range': '60', 'CastingTime': '1 action', 'Components': 'V, S', 'Duration': 'Instantaneous', 'Damage': '1d6', 'Scaling': '1d6 per level above 1st'}"
SPL_ViciousMockery,Vicious Mockery,SPL_ViciousMockery,,"(DataTable=""/Game/Data/SpellSchoolDataTable"",RowName=""SCH_Enchantment"")","(DataTable=None,RowName=None)","You unleash a string of insults laced with subtle enchantments at a creature you can see within range. If the target can hear you (though it need not understand you), it must succeed on a Wisdom saving throw or take 1d4 psychic damage and have disadvantage on the next attack roll it makes before the end of its next turn.","(GameplayTags=((TagName=""Spell.Damage""),(TagName=""Spell.Debuff"")))","{'Range': '60', 'CastingTime': '1 action', 'Components': 'V', 'Duration': 'Instantaneous', 'Damage': '1d4', 'Scaling': '1d4 per level above 1st'}"
SPL_Guidance,Guidance,SPL_Guidance,,"(DataTable=""/Game/Data/SpellSchoolDataTable"",RowName=""SCH_Divination"")","(DataTable=None,RowName=None)","You touch one willing creature. Once before the spell ends, the target can roll a d4 and add the number rolled to one ability check of its choice. It can roll the die before or after making the ability check. The spell then ends.","(GameplayTags=((TagName=""Spell.Buff"")))","{'Range': 'Touch', 'CastingTime': '1 action', 'Components': 'V, S', 'Duration': '1 minute', 'Effect': '+1d4 to ability check'}"
SPL_Light,Light,SPL_Light,,"(DataTable=""/Game/Data/SpellSchoolDataTable"",RowName=""SCH_Evocation"")","(DataTable=None,RowName=None)","You touch one object that is no larger than 10 feet in any dimension. Until the spell ends, the object sheds bright light in a 20-foot radius and dim light for an additional 20 feet.","(GameplayTags=((TagName=""Spell.Buff"")))","{'Range': 'Touch', 'CastingTime': '1 action', 'Components': 'V, M', 'Duration': '1 hour', 'Effect': 'Bright light 20ft, dim light 20ft'}"
SPL_MinorIllusion,Minor Illusion,SPL_MinorIllusion,,"(DataTable=""/Game/Data/SpellSchoolDataTable"",RowName=""SCH_Illusion"")","(DataTable=None,RowName=None)","You create a sound or an image of an object within range that lasts for the duration. The illusion also ends if you dismiss it as an action or cast this spell again.","(GameplayTags=((TagName=""Spell.Buff"")))","{'Range': '30', 'CastingTime': '1 action', 'Components': 'S, M', 'Duration': '1 minute', 'Effect': 'Sound or image illusion'}"
SPL_Prestidigitation,Prestidigitation,SPL_Prestidigitation,,"(DataTable=""/Game/Data/SpellSchoolDataTable"",RowName=""SCH_Transmutation"")","(DataTable=None,RowName=None)","This spell is a minor magical trick that novice spellcasters use for practice. You create one of the following magical effects within range.","(GameplayTags=((TagName=""Spell.Buff"")))","{'Range': '10', 'CastingTime': '1 action', 'Components': 'V, S', 'Duration': '1 hour', 'Effect': 'Minor magical effects'}"
SPL_ThornWhip,Thorn Whip,SPL_ThornWhip,,"(DataTable=""/Game/Data/SpellSchoolDataTable"",RowName=""SCH_Transmutation"")","(DataTable=None,RowName=None)","You create a long, vine-like whip covered in thorns that lashes out at your command toward a creature in range. Make a melee spell attack against the target. If the attack hits, the creature takes 1d6 piercing damage, and if the creature is Large or smaller, you pull the creature up to 10 feet closer to you.","(GameplayTags=((TagName=""Spell.Damage""),(TagName=""Spell.Target"")))","{'Range': '30', 'CastingTime': '1 action', 'Components': 'V, S, M', 'Duration': 'Instantaneous', 'Damage': '1d6', 'Scaling': '1d6 per level above 1st'}"
SPL_CureWounds,Cure Wounds,SPL_CureWounds,1,"(DataTable=""/Game/Data/SpellSchoolDataTable"",RowName=""SCH_Evocation"")","(DataTable=None,RowName=None)","A creature you touch regains a number of hit points equal to 1d8 + your spellcasting ability modifier. This spell has no effect on undead or constructs.","(GameplayTags=((TagName=""Spell.Healing""),(TagName=""Spell.Target"")))","{'Range': 'Touch', 'CastingTime': '1 action', 'Components': 'V, S', 'Duration': 'Instantaneous', 'Healing': '1d8 + modifier', 'Scaling': '+1d8 per level above 1st'}"
SPL_BurningHands,Burning Hands,SPL_BurningHands,1,"(DataTable=""/Game/Data/SpellSchoolDataTable"",RowName=""SCH_Evocation"")","(DataTable=""/Game/Data/DamageTypeDataTable"",RowName=""DMG_Fire"")","As you hold your hands with thumbs touching and fingers spread, a thin sheet of flames shoots forth from your outstretched fingertips. Each creature in a 15-foot cone must make a Dexterity saving throw. A creature takes 3d6 fire damage on a failed save, or half as much damage on a successful one.","(GameplayTags=((TagName=""Spell.Damage""),(TagName=""Spell.Area"")))","{'Range': 'Self (15-foot cone)', 'CastingTime': '1 action', 'Components': 'V, S', 'Duration': 'Instantaneous', 'Damage': '3d6', 'Scaling': '+1d6 per level above 1st'}"
SPL_CharmPerson,Charm Person,SPL_CharmPerson,1,"(DataTable=""/Game/Data/SpellSchoolDataTable"",RowName=""SCH_Enchantment"")","(DataTable=None,RowName=None)","You attempt to charm a humanoid you can see within range. It must make a Wisdom saving throw, and does so with advantage if you or your companions are fighting it. If it fails the saving throw, it is charmed by you until the spell ends or until you or your companions do anything harmful to it.","(GameplayTags=((TagName=""Spell.Debuff""),(TagName=""Spell.Target"")))","{'Range': '30', 'CastingTime': '1 action', 'Components': 'V, S', 'Duration': '1 hour', 'Effect': 'Charmed condition'}"
SPL_DetectMagic,Detect Magic,SPL_DetectMagic,1,"(DataTable=""/Game/Data/SpellSchoolDataTable"",RowName=""SCH_Divination"")","(DataTable=None,RowName=None)","For the duration, you sense the presence of magic within 30 feet of you. If you sense magic in this way, you can use your action to see a faint aura around any visible creature or object in the area that bears magic, and you learn its school of magic, if any.","(GameplayTags=((TagName=""Spell.Buff"")))","{'Range': 'Self', 'CastingTime': '1 action', 'Components': 'V, S', 'Duration': '10 minutes', 'Effect': 'Detect magic within 30ft'}"
SPL_FindFamiliar,Find Familiar,SPL_FindFamiliar,1,"(DataTable=""/Game/Data/SpellSchoolDataTable"",RowName=""SCH_Conjuration"")","(DataTable=None,RowName=None)","You gain the service of a familiar, a spirit that takes an animal form you choose. The familiar has the statistics of the chosen form, though it is a celestial, fey, or fiend instead of a beast.","(GameplayTags=((TagName=""Spell.Buff"")))","{'Range': '10 feet', 'CastingTime': '1 hour', 'Components': 'V, S, M', 'Duration': 'Instantaneous', 'Effect': 'Summon familiar'}"
SPL_MageArmor,Mage Armor,SPL_MageArmor,1,"(DataTable=""/Game/Data/SpellSchoolDataTable"",RowName=""SCH_Abjuration"")","(DataTable=None,RowName=None)","You touch a willing creature who isn't wearing armor, and a protective magical force surrounds it until the spell ends. The target's base AC becomes 13 + its Dexterity modifier. The spell ends if the target dons armor or if you dismiss the spell as an action.","(GameplayTags=((TagName=""Spell.Buff""),(TagName=""Spell.Defensive"")))","{'Range': 'Touch', 'CastingTime': '1 action', 'Components': 'V, S, M', 'Duration': '8 hours', 'Effect': 'AC becomes 13 + DEX modifier'}"
SPL_Sleep,Sleep,SPL_Sleep,1,"(DataTable=""/Game/Data/SpellSchoolDataTable"",RowName=""SCH_Enchantment"")","(DataTable=None,RowName=None)","This spell sends creatures into a magical slumber. Roll 5d8; the total is how many hit points of creatures this spell can affect. Creatures within 20 feet of a point you choose within range are affected in ascending order of their current hit points.","(GameplayTags=((TagName=""Spell.Debuff""),(TagName=""Spell.Area"")))","{'Range': '90', 'CastingTime': '1 action', 'Components': 'V, S, M', 'Duration': '1 minute', 'Effect': 'Unconscious condition', 'Scaling': '+2d8 per level above 1st'}"
SPL_Thunderwave,Thunderwave,SPL_Thunderwave,1,"(DataTable=""/Game/Data/SpellSchoolDataTable"",RowName=""SCH_Evocation"")","(DataTable=""/Game/Data/DamageTypeDataTable"",RowName=""DMG_Thunder"")","A wave of thunderous force sweeps out from you. Each creature in a 15-foot cube originating from you must make a Constitution saving throw. On a failed save, a creature takes 2d8 thunder damage and is pushed 10 feet away from you. On a successful save, the creature takes half as much damage and isn't pushed.","(GameplayTags=((TagName=""Spell.Damage""),(TagName=""Spell.Area"")))","{'Range': 'Self (15-foot cube)', 'CastingTime': '1 action', 'Components': 'V, S', 'Duration': 'Instantaneous', 'Damage': '2d8', 'Scaling': '+1d8 per level above 1st'}"
SPL_Bless,Bless,SPL_Bless,1,"(DataTable=""/Game/Data/SpellSchoolDataTable"",RowName=""SCH_Enchantment"")","(DataTable=None,RowName=None)","You bless up to three creatures of your choice within range. Whenever a target makes an attack roll or a saving throw before the spell ends, the target can roll a d4 and add the number rolled to the attack roll or saving throw.","(GameplayTags=((TagName=""Spell.Buff"")))","{'Range': '30', 'CastingTime': '1 action', 'Components': 'V, S, M', 'Duration': 'Concentration, up to 1 minute', 'Effect': '+1d4 to attack rolls and saving throws'}"
SPL_GuidingBolt,Guiding Bolt,SPL_GuidingBolt,1,"(DataTable=""/Game/Data/SpellSchoolDataTable"",RowName=""SCH_Evocation"")","(DataTable=""/Game/Data/DamageTypeDataTable"",RowName=""DMG_Radiant"")","A flash of light streaks toward a creature of your choice within range. Make a ranged spell attack against the target. On a hit, the target takes 4d6 radiant damage, and the next attack roll made against this target before the end of your next turn has advantage.","(GameplayTags=((TagName=""Spell.Damage""),(TagName=""Spell.Target"")))","{'Range': '120', 'CastingTime': '1 action', 'Components': 'V, S', 'Duration': 'Instantaneous', 'Damage': '4d6', 'Scaling': '+1d6 per level above 1st'}"
SPL_InflictWounds,Inflict Wounds,SPL_InflictWounds,1,"(DataTable=""/Game/Data/SpellSchoolDataTable"",RowName=""SCH_Necromancy"")","(DataTable=""/Game/Data/DamageTypeDataTable"",RowName=""DMG_Necrotic"")","Make a melee spell attack against a creature you can reach. On a hit, the target takes 3d10 necrotic damage.","(GameplayTags=((TagName=""Spell.Damage""),(TagName=""Spell.Target"")))","{'Range': 'Touch', 'CastingTime': '1 action', 'Components': 'V, S', 'Duration': 'Instantaneous', 'Damage': '3d10', 'Scaling': '+1d10 per level above 1st'}"
SPL_BladeWard,Blade Ward,SPL_BladeWard,,"(DataTable=""/Game/Data/SpellSchoolDataTable"",RowName=""SCH_Abjuration"")","(DataTable=None,RowName=None)","You extend your hand and trace a sigil of warding in the air. Until the end of your next turn, you have resistance against bludgeoning, piercing, and slashing damage dealt by weapon attacks.","(GameplayTags=((TagName=""Spell.Buff""),(TagName=""Spell.Defensive"")))","{'Range': 'Self', 'CastingTime': '1 action', 'Components': 'V, S', 'Duration': '1 round', 'Effect': 'Resistance to weapon damage'}"
SPL_DancingLights,Dancing Lights,SPL_DancingLights,,"(DataTable=""/Game/Data/SpellSchoolDataTable"",RowName=""SCH_Evocation"")","(DataTable=None,RowName=None)","You create up to four torch-sized lights within range, making them appear as torches, lanterns, or glowing orbs that hover in the air for the duration.","(GameplayTags=((TagName=""Spell.Buff"")))","{'Range': '120', 'CastingTime': '1 action', 'Components': 'V, S, M', 'Duration': 'Concentration, up to 1 minute', 'Effect': 'Create up to 4 lights'}"
SPL_Druidcraft,Druidcraft,SPL_Druidcraft,,"(DataTable=""/Game/Data/SpellSchoolDataTable"",RowName=""SCH_Transmutation"")","(DataTable=None,RowName=None)","Whispering to the spirits of nature, you create one of the following effects within range.","(GameplayTags=((TagName=""Spell.Buff"")))","{'Range': '30', 'CastingTime': '1 action', 'Components': 'V, S', 'Duration': 'Instantaneous', 'Effect': 'Nature-based effects'}"
SPL_Message,Message,SPL_Message,,"(DataTable=""/Game/Data/SpellSchoolDataTable"",RowName=""SCH_Transmutation"")","(DataTable=None,RowName=None)","You point your finger toward a creature within range and whisper a message. The target (and only the target) hears the message and can reply in a whisper that only you can hear.","(GameplayTags=((TagName=""Spell.Buff"")))","{'Range': '120', 'CastingTime': '1 action', 'Components': 'V, S, M', 'Duration': '1 round', 'Effect': 'Whisper message'}"
SPL_PoisonSpray,Poison Spray,SPL_PoisonSpray,,"(DataTable=""/Game/Data/SpellSchoolDataTable"",RowName=""SCH_Conjuration"")","(DataTable=""/Game/Data/DamageTypeDataTable"",RowName=""DMG_Poison"")","You extend your hand toward a creature you can see within range and project a puff of noxious gas from your palm. The creature must succeed on a Constitution saving throw or take 1d12 poison damage.","(GameplayTags=((TagName=""Spell.Damage""),(TagName=""Spell.Target"")))","{'Range': '10', 'CastingTime': '1 action', 'Components': 'V, S', 'Duration': 'Instantaneous', 'Damage': '1d12', 'Scaling': '1d12 per level above 1st'}"
SPL_Resistance,Resistance,SPL_Resistance,,"(DataTable=""/Game/Data/SpellSchoolDataTable"",RowName=""SCH_Abjuration"")","(DataTable=None,RowName=None)","You touch one willing creature. Once before the spell ends, the target can roll a d4 and add the number rolled to one saving throw of its choice. It can roll the die before or after making the saving throw. The spell then ends.","(GameplayTags=((TagName=""Spell.Buff"")))","{'Range': 'Touch', 'CastingTime': '1 action', 'Components': 'V, S, M', 'Duration': 'Concentration, up to 1 minute', 'Effect': '+1d4 to saving throw'}"
SPL_ShockingGrasp,Shocking Grasp,SPL_ShockingGrasp,,"(DataTable=""/Game/Data/SpellSchoolDataTable"",RowName=""SCH_Evocation"")","(DataTable=""/Game/Data/DamageTypeDataTable"",RowName=""DMG_Lightning"")","Lightning springs from your hand to deliver a shock to a creature you try to touch. Make a melee spell attack against the target. You have advantage on the attack roll if the target is wearing armor made of metal. On a hit, the target takes 1d8 lightning damage, and it can't take reactions until the start of its next turn.","(GameplayTags=((TagName=""Spell.Damage""),(TagName=""Spell.Target"")))","{'Range': 'Touch', 'CastingTime': '1 action', 'Components': 'V, S', 'Duration': 'Instantaneous', 'Damage': '1d8', 'Scaling': '1d8 per level above 1st'}"
SPL_SpareTheDying,Spare the Dying,SPL_SpareTheDying,,"(DataTable=""/Game/Data/SpellSchoolDataTable"",RowName=""SCH_Necromancy"")","(DataTable=None,RowName=None)","You touch a living creature that has 0 hit points. The creature becomes stable. This spell has no effect on undead or constructs.","(GameplayTags=((TagName=""Spell.Healing"")))","{'Range': 'Touch', 'CastingTime': '1 action', 'Components': 'V, S', 'Duration': 'Instantaneous', 'Effect': 'Stabilize creature at 0 HP'}"
SPL_TrueStrike,True Strike,SPL_TrueStrike,,"(DataTable=""/Game/Data/SpellSchoolDataTable"",RowName=""SCH_Divination"")","(DataTable=None,RowName=None)","You extend your hand and point a finger at a target in range. Your magic grants you a brief insight into the target's defenses. On your next turn, you gain advantage on your first attack roll against the target, provided that this spell hasn't ended.","(GameplayTags=((TagName=""Spell.Buff"")))","{'Range': '30', 'CastingTime': '1 action', 'Components': 'S', 'Duration': 'Concentration, up to 1 round', 'Effect': 'Advantage on next attack'}"
SPL_Thaumaturgy,Thaumaturgy,SPL_Thaumaturgy,,"(DataTable=""/Game/Data/SpellSchoolDataTable"",RowName=""SCH_Transmutation"")","(DataTable=None,RowName=None)","You manifest a minor wonder, a sign of supernatural power, within range. You create one of the following magical effects within range.","(GameplayTags=((TagName=""Spell.Buff"")))","{'Range': '30', 'CastingTime': '1 action', 'Components': 'V', 'Duration': '1 minute', 'Effect': 'Minor supernatural effects'}"
SPL_ProduceFlame,Produce Flame,SPL_ProduceFlame,,"(DataTable=""/Game/Data/SpellSchoolDataTable"",RowName=""SCH_Conjuration"")","(DataTable=""/Game/Data/DamageTypeDataTable"",RowName=""DMG_Fire"")","A flickering flame appears in your hand. The flame remains there for the duration and harms neither you nor your equipment. The flame sheds bright light in a 10-foot radius and dim light for an additional 10 feet.","(GameplayTags=((TagName=""Spell.Damage""),(TagName=""Spell.Target"")))","{'Range': 'Self', 'CastingTime': '1 action', 'Components': 'V, S', 'Duration': '10 minutes', 'Damage': '1d8', 'Scaling': '1d8 per level above 1st'}"
SPL_Mending,Mending,SPL_Mending,,"(DataTable=""/Game/Data/SpellSchoolDataTable"",RowName=""SCH_Transmutation"")","(DataTable=None,RowName=None)","This spell repairs a single break or tear in an object you touch, such as a broken chain link, two halves of a broken key, a torn cloak, or a leaking wineskin. As long as the break or tear is no larger than 1 foot in any dimension, you mend it, leaving no trace of the former damage.","(GameplayTags=((TagName=""Spell.Buff"")))","{'Range': 'Touch', 'CastingTime': '1 minute', 'Components': 'V, S, M', 'Duration': 'Instantaneous', 'Effect': 'Repair broken object'}"
SPL_ColorSpray,Color Spray,SPL_ColorSpray,1,"(DataTable=""/Game/Data/SpellSchoolDataTable"",RowName=""SCH_Illusion"")","(DataTable=None,RowName=None)","A dazzling array of flashing, colored light springs from your hand. Roll 6d10; the total is how many hit points of creatures this spell can affect. Creatures in a 15-foot cone originating from you are affected in ascending order of their current hit points.","(GameplayTags=((TagName=""Spell.Debuff""),(TagName=""Spell.Area"")))","{'Range': 'Self (15-foot cone)', 'CastingTime': '1 action', 'Components': 'V, S, M', 'Duration': '1 round', 'Effect': 'Blinded condition', 'Scaling': '+2d10 per level above 1st'}"
SPL_ComprehendLanguages,Comprehend Languages,SPL_ComprehendLanguages,1,"(DataTable=""/Game/Data/SpellSchoolDataTable"",RowName=""SCH_Divination"")","(DataTable=None,RowName=None)","For the duration, you understand the literal meaning of any spoken language that you hear. You also understand any written language that you see, but you must be touching the surface on which the words are written. It takes about 1 minute to read one page of text.","(GameplayTags=((TagName=""Spell.Buff"")))","{'Range': 'Self', 'CastingTime': '1 action', 'Components': 'V, S, M', 'Duration': '1 hour', 'Effect': 'Understand all languages'}"
SPL_DisguiseSelf,Disguise Self,SPL_DisguiseSelf,1,"(DataTable=""/Game/Data/SpellSchoolDataTable"",RowName=""SCH_Illusion"")","(DataTable=None,RowName=None)","You make yourself—including your clothing, armor, weapons, and other belongings on your person—look different until the spell ends or until you use your action to dismiss it. You can seem 1 foot shorter or taller and can appear thin, fat, or in between.","(GameplayTags=((TagName=""Spell.Buff"")))","{'Range': 'Self', 'CastingTime': '1 action', 'Components': 'V, S', 'Duration': '1 hour', 'Effect': 'Change appearance'}"
SPL_ExpeditiousRetreat,Expeditious Retreat,SPL_ExpeditiousRetreat,1,"(DataTable=""/Game/Data/SpellSchoolDataTable"",RowName=""SCH_Transmutation"")","(DataTable=None,RowName=None)","This spell allows you to move at an incredible pace. When you cast this spell, and then as a bonus action on each of your turns until the spell ends, you can take the Dash action.","(GameplayTags=((TagName=""Spell.Buff"")))","{'Range': 'Self', 'CastingTime': '1 bonus action', 'Components': 'V, S', 'Duration': 'Concentration, up to 10 minutes', 'Effect': 'Dash as bonus action'}"
SPL_FalseLife,False Life,SPL_FalseLife,1,"(DataTable=""/Game/Data/SpellSchoolDataTable"",RowName=""SCH_Necromancy"")","(DataTable=None,RowName=None)","Bolstering yourself with a necromantic facsimile of life, you gain 1d4+4 temporary hit points for the duration.","(GameplayTags=((TagName=""Spell.Buff"")))","{'Range': 'Self', 'CastingTime': '1 action', 'Components': 'V, S, M', 'Duration': '1 hour', 'Effect': '1d4+4 temporary HP', 'Scaling': '+5 HP per level above 1st'}"
SPL_FeatherFall,Feather Fall,SPL_FeatherFall,1,"(DataTable=""/Game/Data/SpellSchoolDataTable"",RowName=""SCH_Transmutation"")","(DataTable=None,RowName=None)","Choose up to five falling creatures within range. A falling creature's rate of descent slows to 60 feet per round until the spell ends. If the creature lands before the spell ends, it takes no falling damage and can land on its feet, and the spell ends for that creature.","(GameplayTags=((TagName=""Spell.Buff"")))","{'Range': '60', 'CastingTime': '1 reaction', 'Components': 'V, M', 'Duration': '1 minute', 'Effect': 'No falling damage'}"
SPL_FogCloud,Fog Cloud,SPL_FogCloud,1,"(DataTable=""/Game/Data/SpellSchoolDataTable"",RowName=""SCH_Conjuration"")","(DataTable=None,RowName=None)","You create a 20-foot-radius sphere of fog centered on a point within range. The sphere spreads around corners, and its area is heavily obscured. It lasts for the duration or until a wind of moderate or greater speed (at least 10 miles per hour) disperses it.","(GameplayTags=((TagName=""Spell.Buff""),(TagName=""Spell.Area"")))","{'Range': '120', 'CastingTime': '1 action', 'Components': 'V, S', 'Duration': 'Concentration, up to 1 hour', 'Effect': '20ft radius fog', 'Scaling': '+20ft radius per level above 1st'}"
SPL_Grease,Grease,SPL_Grease,1,"(DataTable=""/Game/Data/SpellSchoolDataTable"",RowName=""SCH_Conjuration"")","(DataTable=None,RowName=None)","Slick grease covers the ground in a 10-foot square centered on a point within range and turns it into difficult terrain for the duration.","(GameplayTags=((TagName=""Spell.Debuff""),(TagName=""Spell.Area"")))","{'Range': '60', 'CastingTime': '1 action', 'Components': 'V, S, M', 'Duration': '1 minute', 'Effect': 'Difficult terrain, prone on failed save'}"
SPL_Identify,Identify,SPL_Identify,1,"(DataTable=""/Game/Data/SpellSchoolDataTable"",RowName=""SCH_Divination"")","(DataTable=None,RowName=None)","You choose one object that you must touch throughout the casting of the spell. If it is a magic item or some other magic-imbued object, you learn its properties and how to use them, whether it requires attunement to use, and how many charges it has, if any.","(GameplayTags=((TagName=""Spell.Buff"")))","{'Range': 'Touch', 'CastingTime': '1 minute', 'Components': 'V, S, M', 'Duration': 'Instantaneous', 'Effect': 'Identify magic item'}"
SPL_Jump,Jump,SPL_Jump,1,"(DataTable=""/Game/Data/SpellSchoolDataTable"",RowName=""SCH_Transmutation"")","(DataTable=None,RowName=None)","You touch a creature. The creature's jump distance is tripled until the spell ends.","(GameplayTags=((TagName=""Spell.Buff"")))","{'Range': 'Touch', 'CastingTime': '1 action', 'Components': 'V, S, M', 'Duration': '1 minute', 'Effect': 'Triple jump distance'}"
SPL_Longstrider,Longstrider,SPL_Longstrider,1,"(DataTable=""/Game/Data/SpellSchoolDataTable"",RowName=""SCH_Transmutation"")","(DataTable=None,RowName=None)","You touch a creature. The target's speed increases by 10 feet until the spell ends.","(GameplayTags=((TagName=""Spell.Buff"")))","{'Range': 'Touch', 'CastingTime': '1 action', 'Components': 'V, S, M', 'Duration': '1 hour', 'Effect': '+10 feet speed', 'Scaling': '+1 target per level above 1st'}"
SPL_ProtectionFromEvilAndGood,Protection from Evil and Good,SPL_ProtectionFromEvilAndGood,1,"(DataTable=""/Game/Data/SpellSchoolDataTable"",RowName=""SCH_Abjuration"")","(DataTable=None,RowName=None)","Until the spell ends, one willing creature you touch is protected against certain types of creatures: aberrations, celestials, elementals, fey, fiends, and undead.","(GameplayTags=((TagName=""Spell.Buff""),(TagName=""Spell.Defensive"")))","{'Range': 'Touch', 'CastingTime': '1 action', 'Components': 'V, S, M', 'Duration': 'Concentration, up to 10 minutes', 'Effect': 'Protection from specific creature types'}"
SPL_RayOfSickness,Ray of Sickness,SPL_RayOfSickness,1,"(DataTable=""/Game/Data/SpellSchoolDataTable"",RowName=""SCH_Necromancy"")","(DataTable=""/Game/Data/DamageTypeDataTable"",RowName=""DMG_Poison"")","A ray of sickening greenish energy lashes out toward a creature within range. Make a ranged spell attack against the target. On a hit, the target takes 2d8 poison damage and must make a Constitution saving throw. On a failed save, it is also poisoned until the end of your next turn.","(GameplayTags=((TagName=""Spell.Damage""),(TagName=""Spell.Debuff"")))","{'Range': '60', 'CastingTime': '1 action', 'Components': 'V, S', 'Duration': 'Instantaneous', 'Damage': '2d8', 'Scaling': '+1d8 per level above 1st'}"
SPL_Sanctuary,Sanctuary,SPL_Sanctuary,1,"(DataTable=""/Game/Data/SpellSchoolDataTable"",RowName=""SCH_Abjuration"")","(DataTable=None,RowName=None)","You ward a creature within range against attack. Until the spell ends, any creature who targets the warded creature with an attack or a harmful spell must first make a Wisdom saving throw. On a failed save, the creature must choose a new target or lose the attack or spell.","(GameplayTags=((TagName=""Spell.Buff""),(TagName=""Spell.Defensive"")))","{'Range': '30', 'CastingTime': '1 bonus action', 'Components': 'V, S, M', 'Duration': '1 minute', 'Effect': 'Protection from attacks'}"
SPL_ShieldOfFaith,Shield of Faith,SPL_ShieldOfFaith,1,"(DataTable=""/Game/Data/SpellSchoolDataTable"",RowName=""SCH_Abjuration"")","(DataTable=None,RowName=None)","A shimmering field appears and surrounds a creature of your choice within range, granting it a +2 bonus to AC for the duration.","(GameplayTags=((TagName=""Spell.Buff""),(TagName=""Spell.Defensive"")))","{'Range': '60', 'CastingTime': '1 bonus action', 'Components': 'V, S, M', 'Duration': 'Concentration, up to 10 minutes', 'Effect': '+2 AC'}"
SPL_SilentImage,Silent Image,SPL_SilentImage,1,"(DataTable=""/Game/Data/SpellSchoolDataTable"",RowName=""SCH_Illusion"")","(DataTable=None,RowName=None)","You create the image of an object, a creature, or some other visible phenomenon that is no larger than a 15-foot cube. The image appears at a spot within range and lasts for the duration. The image is purely visual; it isn't accompanied by sound, smell, or other sensory effects.","(GameplayTags=((TagName=""Spell.Buff"")))","{'Range': '60', 'CastingTime': '1 action', 'Components': 'V, S, M', 'Duration': 'Concentration, up to 10 minutes', 'Effect': 'Create visual illusion'}"
SPL_TashasHideousLaughter,Tasha's Hideous Laughter,SPL_TashasHideousLaughter,1,"(DataTable=""/Game/Data/SpellSchoolDataTable"",RowName=""SCH_Enchantment"")","(DataTable=None,RowName=None)","A creature of your choice that you can see within range perceives everything as hilariously funny and falls into fits of laughter if this spell affects it. The target must succeed on a Wisdom saving throw or fall prone, becoming incapacitated and unable to stand up for the duration.","(GameplayTags=((TagName=""Spell.Debuff""),(TagName=""Spell.Target"")))","{'Range': '30', 'CastingTime': '1 action', 'Components': 'V, S, M', 'Duration': 'Concentration, up to 1 minute', 'Effect': 'Incapacitated and prone'}"
SPL_TensersFloatingDisk,Tenser's Floating Disk,SPL_TensersFloatingDisk,1,"(DataTable=""/Game/Data/SpellSchoolDataTable"",RowName=""SCH_Conjuration"")","(DataTable=None,RowName=None)","This spell creates a circular, horizontal plane of force, 3 feet in diameter and 1 inch thick, that floats 3 feet above the ground in an unoccupied space of your choice that you can see within range. The disk remains for the duration and can hold up to 500 pounds.","(GameplayTags=((TagName=""Spell.Buff"")))","{'Range': '30', 'CastingTime': '1 action', 'Components': 'V, S, M', 'Duration': '1 hour', 'Effect': 'Floating disk for storage'}"
SPL_UnseenServant,Unseen Servant,SPL_UnseenServant,1,"(DataTable=""/Game/Data/SpellSchoolDataTable"",RowName=""SCH_Conjuration"")","(DataTable=None,RowName=None)","This spell creates an invisible, mindless, shapeless, Medium force that performs simple tasks at your command until the spell ends.","(GameplayTags=((TagName=""Spell.Buff"")))","{'Range': '60', 'CastingTime': '1 action', 'Components': 'V, S, M', 'Duration': '1 hour', 'Effect': 'Invisible servant'}"
SPL_WitchBolt,Witch Bolt,SPL_WitchBolt,1,"(DataTable=""/Game/Data/SpellSchoolDataTable"",RowName=""SCH_Evocation"")","(DataTable=""/Game/Data/DamageTypeDataTable"",RowName=""DMG_Lightning"")","A beam of crackling, blue energy lances out toward a creature within range, forming a sustained arc of lightning between you and the target. Make a ranged spell attack against that creature. On a hit, the target takes 1d12 lightning damage, and on each of your turns for the duration, you can use your action to deal 1d12 lightning damage to the target automatically.","(GameplayTags=((TagName=""Spell.Damage""),(TagName=""Spell.Target"")))","{'Range': '30', 'CastingTime': '1 action', 'Components': 'V, S, M', 'Duration': 'Concentration, up to 1 minute', 'Damage': '1d12', 'Scaling': '+1d12 per level above 1st'}"
SPL_Aid,Aid,SPL_Aid,2,"(DataTable=""/Game/Data/SpellSchoolDataTable"",RowName=""SCH_Abjuration"")","(DataTable=None,RowName=None)","Your spell bolsters your allies with toughness and resolve. Choose up to three creatures within range. Each target's hit point maximum and current hit points increase by 5 for the duration.","(GameplayTags=((TagName=""Spell.Buff"")))","{'Range': '30', 'CastingTime': '1 action', 'Components': 'V, S, M', 'Duration': '8 hours', 'Effect': '+5 HP maximum and current', 'Scaling': '+5 HP per level above 2nd'}"
SPL_AlterSelf,Alter Self,SPL_AlterSelf,2,"(DataTable=""/Game/Data/SpellSchoolDataTable"",RowName=""SCH_Transmutation"")","(DataTable=None,RowName=None)","You assume a different form. When you cast the spell, choose one of the following options, the effects of which last for the duration of the spell. While the spell lasts, you can end one option as an action to gain the benefits of a different one.","(GameplayTags=((TagName=""Spell.Buff"")))","{'Range': 'Self', 'CastingTime': '1 action', 'Components': 'V, S', 'Duration': 'Concentration, up to 1 hour', 'Effect': 'Change appearance, aquatic adaptation, or natural weapons'}"
SPL_BlindnessDeafness,Blindness/Deafness,SPL_BlindnessDeafness,2,"(DataTable=""/Game/Data/SpellSchoolDataTable"",RowName=""SCH_Necromancy"")","(DataTable=None,RowName=None)","You can blind or deafen a foe. Choose one creature that you can see within range to make a Constitution saving throw. If it fails, the target is either blinded or deafened (your choice) for the duration. At the end of each of its turns, the target can make a Constitution saving throw. On a success, the spell ends.","(GameplayTags=((TagName=""Spell.Debuff""),(TagName=""Spell.Target"")))","{'Range': '30', 'CastingTime': '1 action', 'Components': 'V', 'Duration': '1 minute', 'Effect': 'Blinded or deafened condition'}"
SPL_Blur,Blur,SPL_Blur,2,"(DataTable=""/Game/Data/SpellSchoolDataTable"",RowName=""SCH_Illusion"")","(DataTable=None,RowName=None)","Your body becomes blurred, shifting and wavering to all who can see you. For the duration, any creature has disadvantage on attack rolls against you. An attacker is immune to this effect if it doesn't rely on sight, as with blindsight, or can see through illusions, as with truesight.","(GameplayTags=((TagName=""Spell.Buff""),(TagName=""Spell.Defensive"")))","{'Range': 'Self', 'CastingTime': '1 action', 'Components': 'V', 'Duration': 'Concentration, up to 1 minute', 'Effect': 'Disadvantage on attacks against you'}"
SPL_CloudOfDaggers,Cloud of Daggers,SPL_CloudOfDaggers,2,"(DataTable=""/Game/Data/SpellSchoolDataTable"",RowName=""SCH_Conjuration"")","(DataTable=None,RowName=None)","You fill the air with spinning daggers in a cube 5 feet on each side, centered on a point you choose within range. A creature takes 4d4 slashing damage when it enters the spell's area for the first time on a turn or starts its turn there.","(GameplayTags=((TagName=""Spell.Damage""),(TagName=""Spell.Area"")))","{'Range': '60', 'CastingTime': '1 action', 'Components': 'V, S, M', 'Duration': 'Concentration, up to 1 minute', 'Damage': '4d4', 'Scaling': '+2d4 per level above 2nd'}"
SPL_Darkness,Darkness,SPL_Darkness,2,"(DataTable=""/Game/Data/SpellSchoolDataTable"",RowName=""SCH_Evocation"")","(DataTable=None,RowName=None)","Magical darkness spreads from a point you choose within range to fill a 15-foot-radius sphere for the duration. The darkness spreads around corners. A creature with darkvision can't see through this darkness, and nonmagical light can't illuminate it.","(GameplayTags=((TagName=""Spell.Buff""),(TagName=""Spell.Area"")))","{'Range': '60', 'CastingTime': '1 action', 'Components': 'V, M', 'Duration': 'Concentration, up to 10 minutes', 'Effect': '15ft radius magical darkness'}"
SPL_Darkvision,Darkvision,SPL_Darkvision,2,"(DataTable=""/Game/Data/SpellSchoolDataTable"",RowName=""SCH_Transmutation"")","(DataTable=None,RowName=None)","You touch a willing creature to grant it the ability to see in the dark. For the duration, that creature has darkvision out to a range of 60 feet.","(GameplayTags=((TagName=""Spell.Buff"")))","{'Range': 'Touch', 'CastingTime': '1 action', 'Components': 'V, S, M', 'Duration': '8 hours', 'Effect': '60ft darkvision'}"
SPL_EnhanceAbility,Enhance Ability,SPL_EnhanceAbility,2,"(DataTable=""/Game/Data/SpellSchoolDataTable"",RowName=""SCH_Transmutation"")","(DataTable=None,RowName=None)","You touch a creature and bestow upon it a magical enhancement. Choose one of the following effects; the target gains that effect until the spell ends.","(GameplayTags=((TagName=""Spell.Buff"")))","{'Range': 'Touch', 'CastingTime': '1 action', 'Components': 'V, S, M', 'Duration': 'Concentration, up to 1 hour', 'Effect': 'Advantage on ability checks for one ability'}"
SPL_EnlargeReduce,Enlarge/Reduce,SPL_EnlargeReduce,2,"(DataTable=""/Game/Data/SpellSchoolDataTable"",RowName=""SCH_Transmutation"")","(DataTable=None,RowName=None)","You cause a creature or an object you can see within range to grow larger or smaller for the duration. Choose either a creature or an object that is neither worn nor carried. If the target is unwilling, it can make a Constitution saving throw. On a failed save, the spell has no effect.","(GameplayTags=((TagName=""Spell.Buff""),(TagName=""Spell.Debuff"")))","{'Range': '30', 'CastingTime': '1 action', 'Components': 'V, S, M', 'Duration': 'Concentration, up to 1 minute', 'Effect': 'Double or halve size'}"
SPL_FlamingSphere,Flaming Sphere,SPL_FlamingSphere,2,"(DataTable=""/Game/Data/SpellSchoolDataTable"",RowName=""SCH_Conjuration"")","(DataTable=""/Game/Data/DamageTypeDataTable"",RowName=""DMG_Fire"")","A 5-foot-diameter sphere of fire appears in an unoccupied space of your choice within range and lasts for the duration. Any creature that ends its turn within 5 feet of the sphere must make a Dexterity saving throw. The creature takes 2d6 fire damage on a failed save, or half as much damage on a successful one.","(GameplayTags=((TagName=""Spell.Damage""),(TagName=""Spell.Area"")))","{'Range': '60', 'CastingTime': '1 action', 'Components': 'V, S, M', 'Duration': 'Concentration, up to 1 minute', 'Damage': '2d6', 'Scaling': '+1d6 per level above 2nd'}"
SPL_HoldPerson,Hold Person,SPL_HoldPerson,2,"(DataTable=""/Game/Data/SpellSchoolDataTable"",RowName=""SCH_Enchantment"")","(DataTable=None,RowName=None)","Choose a humanoid that you can see within range. The target must succeed on a Wisdom saving throw or be paralyzed for the duration. At the end of each of its turns, the target can make another Wisdom saving throw. On a success, the spell ends on the target.","(GameplayTags=((TagName=""Spell.Debuff""),(TagName=""Spell.Target"")))","{'Range': '60', 'CastingTime': '1 action', 'Components': 'V, S, M', 'Duration': 'Concentration, up to 1 minute', 'Effect': 'Paralyzed condition', 'Scaling': '+1 target per level above 2nd'}"
SPL_Invisibility,Invisibility,SPL_Invisibility,2,"(DataTable=""/Game/Data/SpellSchoolDataTable"",RowName=""SCH_Illusion"")","(DataTable=None,RowName=None)","A creature you touch becomes invisible until the spell ends. Anything the target is wearing or carrying is invisible as long as it is on the target's person. The spell ends for a target that attacks or casts a spell.","(GameplayTags=((TagName=""Spell.Buff"")))","{'Range': 'Touch', 'CastingTime': '1 action', 'Components': 'V, S, M', 'Duration': 'Concentration, up to 1 hour', 'Effect': 'Invisible condition'}"
SPL_Knock,Knock,SPL_Knock,2,"(DataTable=""/Game/Data/SpellSchoolDataTable"",RowName=""SCH_Transmutation"")","(DataTable=None,RowName=None)","Choose an object that you can see within range. The object can be a door, a box, a chest, a set of manacles, a padlock, or another object that contains a mundane or magical means that prevents access.","(GameplayTags=((TagName=""Spell.Buff"")))","{'Range': '60', 'CastingTime': '1 action', 'Components': 'V', 'Duration': 'Instantaneous', 'Effect': 'Unlock or open object'}"
SPL_LesserRestoration,Lesser Restoration,SPL_LesserRestoration,2,"(DataTable=""/Game/Data/SpellSchoolDataTable"",RowName=""SCH_Abjuration"")","(DataTable=None,RowName=None)","You touch a creature and can end either one disease or one condition afflicting it. The condition can be blinded, deafened, paralyzed, or poisoned.","(GameplayTags=((TagName=""Spell.Healing"")))","{'Range': 'Touch', 'CastingTime': '1 action', 'Components': 'V, S', 'Duration': 'Instantaneous', 'Effect': 'End disease or condition'}"
SPL_Levitate,Levitate,SPL_Levitate,2,"(DataTable=""/Game/Data/SpellSchoolDataTable"",RowName=""SCH_Transmutation"")","(DataTable=None,RowName=None)","One creature or object of your choice that you can see within range rises vertically, up to 20 feet, and remains suspended there for the duration. The spell can levitate a target that weighs up to 500 pounds. An unwilling creature that succeeds on a Constitution saving throw is unaffected.","(GameplayTags=((TagName=""Spell.Buff""),(TagName=""Spell.Debuff"")))","{'Range': '60', 'CastingTime': '1 action', 'Components': 'V, S, M', 'Duration': 'Concentration, up to 10 minutes', 'Effect': 'Levitate up to 500 pounds'}"
SPL_MelfsAcidArrow,Melf's Acid Arrow,SPL_MelfsAcidArrow,2,"(DataTable=""/Game/Data/SpellSchoolDataTable"",RowName=""SCH_Evocation"")","(DataTable=""/Game/Data/DamageTypeDataTable"",RowName=""DMG_Acid"")","A shimmering green arrow streaks toward a target within range and bursts in a spray of acid. Make a ranged spell attack against the target. On a hit, the target takes 4d4 acid damage immediately and 2d4 acid damage at the end of its next turn. On a miss, the arrow splashes the target with acid for half as much of the initial damage and no damage at the end of its next turn.","(GameplayTags=((TagName=""Spell.Damage""),(TagName=""Spell.Target"")))","{'Range': '90', 'CastingTime': '1 action', 'Components': 'V, S, M', 'Duration': 'Instantaneous', 'Damage': '4d4 + 2d4 next turn', 'Scaling': '+1d4 initial and +1d4 next turn per level above 2nd'}"
SPL_MirrorImage,Mirror Image,SPL_MirrorImage,2,"(DataTable=""/Game/Data/SpellSchoolDataTable"",RowName=""SCH_Illusion"")","(DataTable=None,RowName=None)","Three illusory duplicates of yourself appear in your space. Until the spell ends, the duplicates move with you and mimic your actions, shifting position so it's impossible to track which image is real. You can use your action to dismiss the illusory duplicates.","(GameplayTags=((TagName=""Spell.Buff""),(TagName=""Spell.Defensive"")))","{'Range': 'Self', 'CastingTime': '1 action', 'Components': 'V, S', 'Duration': '1 minute', 'Effect': '3 illusory duplicates'}"
SPL_MistyStep,Misty Step,SPL_MistyStep,2,"(DataTable=""/Game/Data/SpellSchoolDataTable"",RowName=""SCH_Conjuration"")","(DataTable=None,RowName=None)","Briefly surrounded by silvery mist, you teleport up to 30 feet to an unoccupied space that you can see.","(GameplayTags=((TagName=""Spell.Buff"")))","{'Range': 'Self', 'CastingTime': '1 bonus action', 'Components': 'V', 'Duration': 'Instantaneous', 'Effect': 'Teleport 30 feet'}"
SPL_PhantasmalForce,Phantasmal Force,SPL_PhantasmalForce,2,"(DataTable=""/Game/Data/SpellSchoolDataTable"",RowName=""SCH_Illusion"")","(DataTable=None,RowName=None)","You craft an illusion that takes root in the mind of a creature that you can see within range. The target must make an Intelligence saving throw. On a failed save, you create a phantasmal object, creature, or other visible phenomenon of your choice that is no larger than a 10-foot cube and that is perceivable only to the target for the duration.","(GameplayTags=((TagName=""Spell.Debuff""),(TagName=""Spell.Target"")))","{'Range': '60', 'CastingTime': '1 action', 'Components': 'V, S, M', 'Duration': 'Concentration, up to 1 minute', 'Effect': 'Phantasmal illusion'}"
SPL_PrayerOfHealing,Prayer of Healing,SPL_PrayerOfHealing,2,"(DataTable=""/Game/Data/SpellSchoolDataTable"",RowName=""SCH_Evocation"")","(DataTable=None,RowName=None)","Up to six creatures of your choice that you can see within range each regain hit points equal to 2d8 + your spellcasting ability modifier. This spell has no effect on undead or constructs.","(GameplayTags=((TagName=""Spell.Healing""),(TagName=""Spell.Area"")))","{'Range': '30', 'CastingTime': '10 minutes', 'Components': 'V', 'Duration': 'Instantaneous', 'Healing': '2d8 + modifier', 'Scaling': '+1d8 per level above 2nd'}"
SPL_ProtectionFromPoison,Protection from Poison,SPL_ProtectionFromPoison,2,"(DataTable=""/Game/Data/SpellSchoolDataTable"",RowName=""SCH_Abjuration"")","(DataTable=None,RowName=None)","You touch a creature. If it is poisoned, you neutralize the poison. If more than one poison afflicts the target, you neutralize one poison that you know is present, or you neutralize one at random.","(GameplayTags=((TagName=""Spell.Healing"")))","{'Range': 'Touch', 'CastingTime': '1 action', 'Components': 'V, S', 'Duration': '1 hour', 'Effect': 'Neutralize poison'}"
SPL_RayOfEnfeeblement,Ray of Enfeeblement,SPL_RayOfEnfeeblement,2,"(DataTable=""/Game/Data/SpellSchoolDataTable"",RowName=""SCH_Necromancy"")","(DataTable=None,RowName=None)","A black beam of enervating energy springs from your finger toward a creature within range. Make a ranged spell attack against the target. On a hit, the target deals only half damage with weapon attacks that use Strength until the spell ends.","(GameplayTags=((TagName=""Spell.Debuff""),(TagName=""Spell.Target"")))","{'Range': '60', 'CastingTime': '1 action', 'Components': 'V, S', 'Duration': 'Concentration, up to 1 minute', 'Effect': 'Half damage with Strength weapons'}"
SPL_ScorchingRay,Scorching Ray,SPL_ScorchingRay,2,"(DataTable=""/Game/Data/SpellSchoolDataTable"",RowName=""SCH_Evocation"")","(DataTable=""/Game/Data/DamageTypeDataTable"",RowName=""DMG_Fire"")","You create three rays of fire and hurl them at targets within range. You can hurl them at one target or several. Make a ranged spell attack for each ray. On a hit, the target takes 2d6 fire damage.","(GameplayTags=((TagName=""Spell.Damage""),(TagName=""Spell.Target"")))","{'Range': '120', 'CastingTime': '1 action', 'Components': 'V, S', 'Duration': 'Instantaneous', 'Damage': '2d6 per ray', 'Rays': '3', 'Scaling': '+1 ray per level above 2nd'}"
SPL_SeeInvisibility,See Invisibility,SPL_SeeInvisibility,2,"(DataTable=""/Game/Data/SpellSchoolDataTable"",RowName=""SCH_Divination"")","(DataTable=None,RowName=None)","For the duration, you see invisible creatures and objects as if they were visible, and you can see into the Ethereal Plane. Ethereal creatures and objects appear ghostly and translucent.","(GameplayTags=((TagName=""Spell.Buff"")))","{'Range': 'Self', 'CastingTime': '1 action', 'Components': 'V, S, M', 'Duration': '1 hour', 'Effect': 'See invisible and ethereal'}"
SPL_Shatter,Shatter,SPL_Shatter,2,"(DataTable=""/Game/Data/SpellSchoolDataTable"",RowName=""SCH_Evocation"")","(DataTable=""/Game/Data/DamageTypeDataTable"",RowName=""DMG_Thunder"")","A sudden loud ringing noise, painfully intense, erupts from a point of your choice within range. Each creature in a 10-foot-radius sphere centered on that point must make a Constitution saving throw. A creature takes 3d8 thunder damage on a failed save, or half as much damage on a successful one.","(GameplayTags=((TagName=""Spell.Damage""),(TagName=""Spell.Area"")))","{'Range': '60', 'CastingTime': '1 action', 'Components': 'V, S, M', 'Duration': 'Instantaneous', 'Damage': '3d8', 'Scaling': '+1d8 per level above 2nd'}"
SPL_SpiderClimb,Spider Climb,SPL_SpiderClimb,2,"(DataTable=""/Game/Data/SpellSchoolDataTable"",RowName=""SCH_Transmutation"")","(DataTable=None,RowName=None)","Until the spell ends, one willing creature you touch gains the ability to move up, down, and across vertical surfaces and upside down along ceilings, while leaving its hands free. The target also gains a climbing speed equal to its walking speed.","(GameplayTags=((TagName=""Spell.Buff"")))","{'Range': 'Touch', 'CastingTime': '1 action', 'Components': 'V, S, M', 'Duration': 'Concentration, up to 1 hour', 'Effect': 'Climb on walls and ceilings'}"
SPL_Suggestion,Suggestion,SPL_Suggestion,2,"(DataTable=""/Game/Data/SpellSchoolDataTable"",RowName=""SCH_Enchantment"")","(DataTable=None,RowName=None)","You suggest a course of activity (limited to a sentence or two) and magically influence a creature you can see within range that can hear and understand you. Creatures that can't be charmed are immune to this effect. The suggestion must be worded in such a manner as to make the course of action sound reasonable.","(GameplayTags=((TagName=""Spell.Debuff""),(TagName=""Spell.Target"")))","{'Range': '30', 'CastingTime': '1 action', 'Components': 'V, M', 'Duration': 'Concentration, up to 8 hours', 'Effect': 'Suggest course of action'}"
SPL_Web,Web,SPL_Web,2,"(DataTable=""/Game/Data/SpellSchoolDataTable"",RowName=""SCH_Conjuration"")","(DataTable=None,RowName=None)","You conjure a mass of thick, sticky webbing at a point of your choice within range. The webs fill a 20-foot cube from that point for the duration. The webs are difficult terrain and lightly obscure their area.","(GameplayTags=((TagName=""Spell.Debuff""),(TagName=""Spell.Area"")))","{'Range': '60', 'CastingTime': '1 action', 'Components': 'V, S, M', 'Duration': 'Concentration, up to 1 hour', 'Effect': '20ft cube of webs, restrained on failed save'}"
SPL_ZoneOfTruth,Zone of Truth,SPL_ZoneOfTruth,2,"(DataTable=""/Game/Data/SpellSchoolDataTable"",RowName=""SCH_Enchantment"")","(DataTable=None,RowName=None)","You create a magical zone that guards against deception in a 15-foot-radius sphere centered on a point of your choice within range. Until the spell ends, a creature that enters the spell's area for the first time on a turn or starts its turn there must make a Charisma saving throw. On a failed save, a creature can't speak a deliberate lie while in the radius.","(GameplayTags=((TagName=""Spell.Debuff""),(TagName=""Spell.Area"")))","{'Range': '60', 'CastingTime': '1 action', 'Components': 'V, S', 'Duration': '10 minutes', 'Effect': 'Cannot speak deliberate lies'}"
SPL_Counterspell,Counterspell,SPL_Counterspell,3,"(DataTable=""/Game/Data/SpellSchoolDataTable"",RowName=""SCH_Abjuration"")","(DataTable=None,RowName=None)","You attempt to interrupt a creature in the process of casting a spell. If the creature is casting a spell of 3rd level or lower, its spell fails and has no effect. If it is casting a spell of 4th level or higher, make an ability check using your spellcasting ability. The DC equals 10 + the spell's level. On a success, the creature's spell fails and has no effect.","(GameplayTags=((TagName=""Spell.Debuff"")))","{'Range': '60', 'CastingTime': '1 reaction', 'Components': 'S', 'Duration': 'Instantaneous', 'Effect': 'Interrupt spell casting'}"
SPL_DispelMagic,Dispel Magic,SPL_DispelMagic,3,"(DataTable=""/Game/Data/SpellSchoolDataTable"",RowName=""SCH_Abjuration"")","(DataTable=None,RowName=None)","Choose one creature, object, or magical effect within range. Any spell of 3rd level or lower on the target ends. For each spell of 4th level or higher on the target, make an ability check using your spellcasting ability. The DC equals 10 + the spell's level. On a successful check, the spell ends.","(GameplayTags=((TagName=""Spell.Debuff"")))","{'Range': '120', 'CastingTime': '1 action', 'Components': 'V, S', 'Duration': 'Instantaneous', 'Effect': 'End spells on target'}"
SPL_Fly,Fly,SPL_Fly,3,"(DataTable=""/Game/Data/SpellSchoolDataTable"",RowName=""SCH_Transmutation"")","(DataTable=None,RowName=None)","You touch a willing creature. The target gains a flying speed of 60 feet for the duration. When the spell ends, the target falls if it is still aloft, unless it can stop the fall.","(GameplayTags=((TagName=""Spell.Buff"")))","{'Range': 'Touch', 'CastingTime': '1 action', 'Components': 'V, S, M', 'Duration': 'Concentration, up to 10 minutes', 'Effect': '60ft flying speed', 'Scaling': '+1 target per level above 3rd'}"
SPL_Haste,Haste,SPL_Haste,3,"(DataTable=""/Game/Data/SpellSchoolDataTable"",RowName=""SCH_Transmutation"")","(DataTable=None,RowName=None)","Choose a willing creature that you can see within range. Until the spell ends, the target's speed is doubled, it gains a +2 bonus to AC, it has advantage on Dexterity saving throws, and it gains an additional action on each of its turns.","(GameplayTags=((TagName=""Spell.Buff"")))","{'Range': 'Touch', 'CastingTime': '1 action', 'Components': 'V, S, M', 'Duration': 'Concentration, up to 1 minute', 'Effect': 'Double speed, +2 AC, advantage on DEX saves, extra action'}"
SPL_LightningBolt,Lightning Bolt,SPL_LightningBolt,3,"(DataTable=""/Game/Data/SpellSchoolDataTable"",RowName=""SCH_Evocation"")","(DataTable=""/Game/Data/DamageTypeDataTable"",RowName=""DMG_Lightning"")","A stroke of lightning forming a line 100 feet long and 5 feet wide blasts out from you in a direction you choose. Each creature in the line must make a Dexterity saving throw. A creature takes 8d6 lightning damage on a failed save, or half as much damage on a successful one.","(GameplayTags=((TagName=""Spell.Damage""),(TagName=""Spell.Area"")))","{'Range': 'Self (100-foot line)', 'CastingTime': '1 action', 'Components': 'V, S, M', 'Duration': 'Instantaneous', 'Damage': '8d6', 'Scaling': '+1d6 per level above 3rd'}"
SPL_Revivify,Revivify,SPL_Revivify,3,"(DataTable=""/Game/Data/SpellSchoolDataTable"",RowName=""SCH_Necromancy"")","(DataTable=None,RowName=None)","You touch a creature that has died within the last minute. That creature returns to life with 1 hit point. This spell can't return to life a creature that has died of old age, nor can it restore any missing body parts.","(GameplayTags=((TagName=""Spell.Healing"")))","{'Range': 'Touch', 'CastingTime': '1 action', 'Components': 'V, S, M', 'Duration': 'Instantaneous', 'Effect': 'Return to life with 1 HP'}"
SPL_Slow,Slow,SPL_Slow,3,"(DataTable=""/Game/Data/SpellSchoolDataTable"",RowName=""SCH_Transmutation"")","(DataTable=None,RowName=None)","You alter time around up to six creatures of your choice in a 40-foot cube within range. Each target must succeed on a Wisdom saving throw or be affected by this spell for the duration.","(GameplayTags=((TagName=""Spell.Debuff""),(TagName=""Spell.Area"")))","{'Range': '120', 'CastingTime': '1 action', 'Components': 'V, S, M', 'Duration': 'Concentration, up to 1 minute', 'Effect': 'Speed halved, -2 AC, -2 DEX saves, can only use action or bonus action'}"
SPL_SpiritGuardians,Spirit Guardians,SPL_SpiritGuardians,3,"(DataTable=""/Game/Data/SpellSchoolDataTable"",RowName=""SCH_Conjuration"")","(DataTable=None,RowName=None)","You call forth spirits to protect you. They flit around you to a distance of 15 feet for the duration. If you are good or neutral, their spectral form appears angelic or fey (your choice). If you are evil, they appear fiendish.","(GameplayTags=((TagName=""Spell.Damage""),(TagName=""Spell.Area"")))","{'Range': 'Self (15-foot radius)', 'CastingTime': '1 action', 'Components': 'V, S, M', 'Duration': 'Concentration, up to 10 minutes', 'Damage': '3d8', 'Scaling': '+1d8 per level above 3rd'}"
SPL_VampiricTouch,Vampiric Touch,SPL_VampiricTouch,3,"(DataTable=""/Game/Data/SpellSchoolDataTable"",RowName=""SCH_Necromancy"")","(DataTable=""/Game/Data/DamageTypeDataTable"",RowName=""DMG_Necrotic"")","The touch of your shadow-wreathed hand can siphon life force from others to heal your wounds. Make a melee spell attack against a creature within your reach. On a hit, the target takes 3d6 necrotic damage, and you regain hit points equal to half the amount of necrotic damage dealt.","(GameplayTags=((TagName=""Spell.Damage""),(TagName=""Spell.Healing"")))","{'Range': 'Self', 'CastingTime': '1 action', 'Components': 'V, S', 'Duration': 'Concentration, up to 1 minute', 'Damage': '3d6', 'Healing': 'Half damage dealt', 'Scaling': '+1d6 per level above 3rd'}"
SPL_Banishment,Banishment,SPL_Banishment,4,"(DataTable=""/Game/Data/SpellSchoolDataTable"",RowName=""SCH_Abjuration"")","(DataTable=None,RowName=None)","You attempt to send one creature that you can see within range to another plane of existence. The target must succeed on a Charisma saving throw or be banished.","(GameplayTags=((TagName=""Spell.Debuff""),(TagName=""Spell.Target"")))","{'Range': '60', 'CastingTime': '1 action', 'Components': 'V, S, M', 'Duration': 'Concentration, up to 1 minute', 'Effect': 'Banish to another plane'}"
SPL_Blight,Blight,SPL_Blight,4,"(DataTable=""/Game/Data/SpellSchoolDataTable"",RowName=""SCH_Necromancy"")","(DataTable=""/Game/Data/DamageTypeDataTable"",RowName=""DMG_Necrotic"")","Necromantic energy washes over a creature of your choice that you can see within range, draining moisture and vitality from it. The target must make a Constitution saving throw. The target takes 8d8 necrotic damage on a failed save, or half as much damage on a successful one.","(GameplayTags=((TagName=""Spell.Damage""),(TagName=""Spell.Target"")))","{'Range': '30', 'CastingTime': '1 action', 'Components': 'V, S', 'Duration': 'Instantaneous', 'Damage': '8d8', 'Scaling': '+1d8 per level above 4th'}"
SPL_Confusion,Confusion,SPL_Confusion,4,"(DataTable=""/Game/Data/SpellSchoolDataTable"",RowName=""SCH_Enchantment"")","(DataTable=None,RowName=None)","This spell assaults and twists creatures' minds, spawning delusions and provoking uncontrolled action. Each creature in a 10-foot-radius sphere centered on a point you choose within range must succeed on a Wisdom saving throw when you cast this spell or be affected by it.","(GameplayTags=((TagName=""Spell.Debuff""),(TagName=""Spell.Area"")))","{'Range': '90', 'CastingTime': '1 action', 'Components': 'V, S, M', 'Duration': 'Concentration, up to 1 minute', 'Effect': 'Confused condition'}"
SPL_DimensionDoor,Dimension Door,SPL_DimensionDoor,4,"(DataTable=""/Game/Data/SpellSchoolDataTable"",RowName=""SCH_Conjuration"")","(DataTable=None,RowName=None)","You teleport yourself from your current location to any other spot within range. You arrive at exactly the spot desired. It can be a place you can see, one you can visualize, or one you can describe by stating distance and direction.","(GameplayTags=((TagName=""Spell.Buff"")))","{'Range': '500 feet', 'CastingTime': '1 action', 'Components': 'V', 'Duration': 'Instantaneous', 'Effect': 'Teleport 500 feet'}"
SPL_FreedomOfMovement,Freedom of Movement,SPL_FreedomOfMovement,4,"(DataTable=""/Game/Data/SpellSchoolDataTable"",RowName=""SCH_Abjuration"")","(DataTable=None,RowName=None)","You touch a willing creature. For the duration, the target's movement is unaffected by difficult terrain, and spells and other magical effects can neither reduce the target's speed nor cause the target to be paralyzed or restrained.","(GameplayTags=((TagName=""Spell.Buff"")))","{'Range': 'Touch', 'CastingTime': '1 action', 'Components': 'V, S, M', 'Duration': '1 hour', 'Effect': 'Ignore difficult terrain and movement restrictions'}"
SPL_GreaterInvisibility,Greater Invisibility,SPL_GreaterInvisibility,4,"(DataTable=""/Game/Data/SpellSchoolDataTable"",RowName=""SCH_Illusion"")","(DataTable=None,RowName=None)","You or a creature you touch becomes invisible until the spell ends. Anything the target is wearing or carrying is invisible as long as it is on the target's person.","(GameplayTags=((TagName=""Spell.Buff"")))","{'Range': 'Touch', 'CastingTime': '1 action', 'Components': 'V, S', 'Duration': 'Concentration, up to 1 minute', 'Effect': 'Invisible, does not end on attack or spell'}"
SPL_IceStorm,Ice Storm,SPL_IceStorm,4,"(DataTable=""/Game/Data/SpellSchoolDataTable"",RowName=""SCH_Evocation"")","(DataTable=""/Game/Data/DamageTypeDataTable"",RowName=""DMG_Cold"")","A hail of rock-hard ice pounds to the ground in a 20-foot-radius, 40-foot-high cylinder centered on a point within range. Each creature in the cylinder must make a Dexterity saving throw. A creature takes 2d8 bludgeoning damage and 4d6 cold damage on a failed save, or half as much damage on a successful one.","(GameplayTags=((TagName=""Spell.Damage""),(TagName=""Spell.Area"")))","{'Range': '300', 'CastingTime': '1 action', 'Components': 'V, S, M', 'Duration': 'Instantaneous', 'Damage': '2d8 bludgeoning + 4d6 cold', 'Scaling': '+1d6 cold per level above 4th'}"
SPL_Polymorph,Polymorph,SPL_Polymorph,4,"(DataTable=""/Game/Data/SpellSchoolDataTable"",RowName=""SCH_Transmutation"")","(DataTable=None,RowName=None)","This spell transforms a creature that you can see within range into a new form. An unwilling creature must make a Wisdom saving throw to avoid the effect. The spell has no effect on a shapechanger or a creature with 0 hit points.","(GameplayTags=((TagName=""Spell.Buff""),(TagName=""Spell.Debuff"")))","{'Range': '60', 'CastingTime': '1 action', 'Components': 'V, S, M', 'Duration': 'Concentration, up to 1 hour', 'Effect': 'Transform into beast of CR equal to level or lower'}"
SPL_Stoneskin,Stoneskin,SPL_Stoneskin,4,"(DataTable=""/Game/Data/SpellSchoolDataTable"",RowName=""SCH_Abjuration"")","(DataTable=None,RowName=None)","This spell turns the flesh of a willing creature you touch as hard as stone. Until the spell ends, the target has resistance to nonmagical bludgeoning, piercing, and slashing damage.","(GameplayTags=((TagName=""Spell.Buff""),(TagName=""Spell.Defensive"")))","{'Range': 'Touch', 'CastingTime': '1 action', 'Components': 'V, S, M', 'Duration': 'Concentration, up to 1 hour', 'Effect': 'Resistance to nonmagical weapon damage'}"
SPL_WallOfFire,Wall of Fire,SPL_WallOfFire,4,"(DataTable=""/Game/Data/SpellSchoolDataTable"",RowName=""SCH_Evocation"")","(DataTable=""/Game/Data/DamageTypeDataTable"",RowName=""DMG_Fire"")","You create a wall of fire on a solid surface within range. You can make the wall up to 60 feet long, 20 feet high, and 1 foot thick, or you can make a ringed wall up to 20 feet in diameter, 20 feet high, and 1 foot thick. The wall is opaque and lasts for the duration.","(GameplayTags=((TagName=""Spell.Damage""),(TagName=""Spell.Area"")))","{'Range': '120', 'CastingTime': '1 action', 'Components': 'V, S, M', 'Duration': 'Concentration, up to 1 minute', 'Damage': '5d8', 'Scaling': '+1d8 per level above 4th'}"
SPL_ConeOfCold,Cone of Cold,SPL_ConeOfCold,5,"(DataTable=""/Game/Data/SpellSchoolDataTable"",RowName=""SCH_Evocation"")","(DataTable=""/Game/Data/DamageTypeDataTable"",RowName=""DMG_Cold"")","A blast of cold air erupts from your hands. Each creature in a 60-foot cone must make a Constitution saving throw. A creature takes 8d8 cold damage on a failed save, or half as much damage on a successful one.","(GameplayTags=((TagName=""Spell.Damage""),(TagName=""Spell.Area"")))","{'Range': 'Self (60-foot cone)', 'CastingTime': '1 action', 'Components': 'V, S, M', 'Duration': 'Instantaneous', 'Damage': '8d8', 'Scaling': '+1d8 per level above 5th'}"
SPL_DominatePerson,Dominate Person,SPL_DominatePerson,5,"(DataTable=""/Game/Data/SpellSchoolDataTable"",RowName=""SCH_Enchantment"")","(DataTable=None,RowName=None)","You attempt to beguile a humanoid that you can see within range. It must succeed on a Wisdom saving throw or be charmed by you for the duration. If you or creatures that are friendly to you are fighting it, it has advantage on the saving throw.","(GameplayTags=((TagName=""Spell.Debuff""),(TagName=""Spell.Target"")))","{'Range': '60', 'CastingTime': '1 action', 'Components': 'V, S', 'Duration': 'Concentration, up to 1 minute', 'Effect': 'Charmed and controlled'}"
SPL_HoldMonster,Hold Monster,SPL_HoldMonster,5,"(DataTable=""/Game/Data/SpellSchoolDataTable"",RowName=""SCH_Enchantment"")","(DataTable=None,RowName=None)","Choose a creature that you can see within range. The target must succeed on a Wisdom saving throw or be paralyzed for the duration. This spell has no effect on undead. At the end of each of its turns, the target can make another Wisdom saving throw. On a success, the spell ends on the target.","(GameplayTags=((TagName=""Spell.Debuff""),(TagName=""Spell.Target"")))","{'Range': '90', 'CastingTime': '1 action', 'Components': 'V, S, M', 'Duration': 'Concentration, up to 1 minute', 'Effect': 'Paralyzed condition', 'Scaling': '+1 target per level above 5th'}"
SPL_MassCureWounds,Mass Cure Wounds,SPL_MassCureWounds,5,"(DataTable=""/Game/Data/SpellSchoolDataTable"",RowName=""SCH_Evocation"")","(DataTable=None,RowName=None)","A wave of healing energy flows out from a point of your choice within range. Choose up to six creatures in a 30-foot-radius sphere centered on that point. Each target regains hit points equal to 3d8 + your spellcasting ability modifier. This spell has no effect on undead or constructs.","(GameplayTags=((TagName=""Spell.Healing""),(TagName=""Spell.Area"")))","{'Range': '60', 'CastingTime': '1 action', 'Components': 'V, S', 'Duration': 'Instantaneous', 'Healing': '3d8 + modifier', 'Scaling': '+1d8 per level above 5th'}"
SPL_Telekinesis,Telekinesis,SPL_Telekinesis,5,"(DataTable=""/Game/Data/SpellSchoolDataTable"",RowName=""SCH_Transmutation"")","(DataTable=None,RowName=None)","You gain the ability to move or manipulate creatures or objects by thought. When you cast the spell, and as your action each round for the duration, you can exert your will on one creature or object that you can see within range, causing the appropriate effect below.","(GameplayTags=((TagName=""Spell.Buff""),(TagName=""Spell.Debuff"")))","{'Range': '60', 'CastingTime': '1 action', 'Components': 'V, S', 'Duration': 'Concentration, up to 10 minutes', 'Effect': 'Move or manipulate objects and creatures'}"
SPL_TeleportationCircle,Teleportation Circle,SPL_TeleportationCircle,5,"(DataTable=""/Game/Data/SpellSchoolDataTable"",RowName=""SCH_Conjuration"")","(DataTable=None,RowName=None)","As you cast the spell, you draw a 10-foot-diameter circle on the ground inscribed with sigils that link your location to a permanent teleportation circle of your choice whose sigil sequence you know and that is on the same plane of existence as you.","(GameplayTags=((TagName=""Spell.Buff"")))","{'Range': '10 feet', 'CastingTime': '1 minute', 'Components': 'V, M', 'Duration': '1 round', 'Effect': 'Create teleportation circle'}"
SPL_WallOfForce,Wall of Force,SPL_WallOfForce,5,"(DataTable=""/Game/Data/SpellSchoolDataTable"",RowName=""SCH_Evocation"")","(DataTable=None,RowName=None)","An invisible wall of force springs into existence at a point you choose within range. The wall appears in any orientation you choose, as a horizontal or vertical barrier or at an angle. It can be free floating or resting on a solid surface.","(GameplayTags=((TagName=""Spell.Buff""),(TagName=""Spell.Defensive"")))","{'Range': '120', 'CastingTime': '1 action', 'Components': 'V, S, M', 'Duration': 'Concentration, up to 10 minutes', 'Effect': 'Invisible wall of force'}"
SPL_ChainLightning,Chain Lightning,SPL_ChainLightning,6,"(DataTable=""/Game/Data/SpellSchoolDataTable"",RowName=""SCH_Evocation"")","(DataTable=""/Game/Data/DamageTypeDataTable"",RowName=""DMG_Lightning"")","You create a bolt of lightning that arcs toward a target of your choice within range. Three bolts then leap from that target to as many as three other targets, each of which must be within 30 feet of the first target. A target can be a creature or an object and can be targeted by only one of the bolts.","(GameplayTags=((TagName=""Spell.Damage""),(TagName=""Spell.Target"")))","{'Range': '150', 'CastingTime': '1 action', 'Components': 'V, S, M', 'Duration': 'Instantaneous', 'Damage': '10d8', 'Scaling': '+1d8 per level above 6th'}"
SPL_Disintegrate,Disintegrate,SPL_Disintegrate,6,"(DataTable=""/Game/Data/SpellSchoolDataTable"",RowName=""SCH_Transmutation"")","(DataTable=""/Game/Data/DamageTypeDataTable"",RowName=""DMG_Force"")","A thin green ray springs from your pointing finger toward a target within range that you can see. The target can be a creature, an object, or a creation of magical force, such as the wall created by wall of force.","(GameplayTags=((TagName=""Spell.Damage""),(TagName=""Spell.Target"")))","{'Range': '60', 'CastingTime': '1 action', 'Components': 'V, S, M', 'Duration': 'Instantaneous', 'Damage': '10d6 + 40', 'Scaling': '+3d6 per level above 6th'}"
SPL_GlobeOfInvulnerability,Globe of Invulnerability,SPL_GlobeOfInvulnerability,6,"(DataTable=""/Game/Data/SpellSchoolDataTable"",RowName=""SCH_Abjuration"")","(DataTable=None,RowName=None)","An immobile, faintly shimmering barrier springs into existence in a 10-foot radius around you and remains for the duration. Any spell of 5th level or lower cast from outside the barrier can't affect anything inside it, even if the spell is cast using a higher level spell slot.","(GameplayTags=((TagName=""Spell.Buff""),(TagName=""Spell.Defensive"")))","{'Range': 'Self (10-foot radius)', 'CastingTime': '1 action', 'Components': 'V, S, M', 'Duration': 'Concentration, up to 1 minute', 'Effect': 'Immune to spells 5th level or lower'}"
SPL_MassSuggestion,Mass Suggestion,SPL_MassSuggestion,6,"(DataTable=""/Game/Data/SpellSchoolDataTable"",RowName=""SCH_Enchantment"")","(DataTable=None,RowName=None)","You suggest a course of activity (limited to a sentence or two) and magically influence up to twelve creatures of your choice that you can see within range and that can hear and understand you. Creatures that can't be charmed are immune to this effect. The suggestion must be worded in such a manner as to make the course of action sound reasonable.","(GameplayTags=((TagName=""Spell.Debuff""),(TagName=""Spell.Area"")))","{'Range': '60', 'CastingTime': '1 action', 'Components': 'V, M', 'Duration': '24 hours', 'Effect': 'Suggest course of action to up to 12 creatures'}"
SPL_TrueSeeing,True Seeing,SPL_TrueSeeing,6,"(DataTable=""/Game/Data/SpellSchoolDataTable"",RowName=""SCH_Divination"")","(DataTable=None,RowName=None)","This spell gives the willing creature you touch the ability to see things as they actually are. For the duration, the creature has truesight, notices secret doors hidden by magic, and can see into the Ethereal Plane, all out to a range of 120 feet.","(GameplayTags=((TagName=""Spell.Buff"")))","{'Range': 'Touch', 'CastingTime': '1 action', 'Components': 'V, S, M', 'Duration': '1 hour', 'Effect': 'Truesight 120ft'}"
SPL_FingerOfDeath,Finger of Death,SPL_FingerOfDeath,7,"(DataTable=""/Game/Data/SpellSchoolDataTable"",RowName=""SCH_Necromancy"")","(DataTable=""/Game/Data/DamageTypeDataTable"",RowName=""DMG_Necrotic"")","You send negative energy coursing through a creature that you can see within range, causing it searing pain. The target must make a Constitution saving throw. It takes 7d8 + 30 necrotic damage on a failed save, or half as much damage on a successful one.","(GameplayTags=((TagName=""Spell.Damage""),(TagName=""Spell.Target"")))","{'Range': '60', 'CastingTime': '1 action', 'Components': 'V, S', 'Duration': 'Instantaneous', 'Damage': '7d8 + 30', 'Effect': 'Killed humanoid becomes zombie under your control'}"
SPL_PlaneShift,Plane Shift,SPL_PlaneShift,7,"(DataTable=""/Game/Data/SpellSchoolDataTable"",RowName=""SCH_Conjuration"")","(DataTable=None,RowName=None)","You and up to eight willing creatures (or a single object that isn't being worn or carried) travel to another plane of existence. You can specify a target destination in general terms, such as the City of Brass on the Elemental Plane of Fire or the palace of Dispater on the second level of the Nine Hells, and you appear in or near that destination.","(GameplayTags=((TagName=""Spell.Buff"")))","{'Range': 'Touch', 'CastingTime': '1 action', 'Components': 'V, S, M', 'Duration': 'Instantaneous', 'Effect': 'Travel to another plane'}"
SPL_Teleport,Teleport,SPL_Teleport,7,"(DataTable=""/Game/Data/SpellSchoolDataTable"",RowName=""SCH_Conjuration"")","(DataTable=None,RowName=None)","This spell instantly transports you and up to eight willing creatures of your choice, or a single object that isn't being worn or carried, to a destination you select. If you target an object, it must be able to fit entirely inside a 10-foot cube, and it can't be held or carried by an unwilling creature.","(GameplayTags=((TagName=""Spell.Buff"")))","{'Range': '10 feet', 'CastingTime': '1 action', 'Components': 'V', 'Duration': 'Instantaneous', 'Effect': 'Teleport anywhere on same plane'}"
SPL_AntimagicField,Antimagic Field,SPL_AntimagicField,8,"(DataTable=""/Game/Data/SpellSchoolDataTable"",RowName=""SCH_Abjuration"")","(DataTable=None,RowName=None)","A 10-foot-radius invisible sphere of antimagic surrounds you. This area is divorced from the magical energy that suffuses the multiverse. Within the sphere, spells can't be cast, summoned creatures disappear, and even magic items become mundane.","(GameplayTags=((TagName=""Spell.Buff""),(TagName=""Spell.Defensive"")))","{'Range': 'Self (10-foot radius)', 'CastingTime': '1 action', 'Components': 'V, S, M', 'Duration': 'Concentration, up to 1 hour', 'Effect': 'Suppress all magic within 10ft'}"
SPL_DominateMonster,Dominate Monster,SPL_DominateMonster,8,"(DataTable=""/Game/Data/SpellSchoolDataTable"",RowName=""SCH_Enchantment"")","(DataTable=None,RowName=None)","You attempt to beguile a creature that you can see within range. It must succeed on a Wisdom saving throw or be charmed by you for the duration. If you or creatures that are friendly to you are fighting it, it has advantage on the saving throw.","(GameplayTags=((TagName=""Spell.Debuff""),(TagName=""Spell.Target"")))","{'Range': '60', 'CastingTime': '1 action', 'Components': 'V, S', 'Duration': 'Concentration, up to 1 hour', 'Effect': 'Charmed and controlled'}"
SPL_Feeblemind,Feeblemind,SPL_Feeblemind,8,"(DataTable=""/Game/Data/SpellSchoolDataTable"",RowName=""SCH_Enchantment"")","(DataTable=None,RowName=None)","You blast the mind of a creature that you can see within range, attempting to shatter its intellect and personality. The target takes 4d6 psychic damage and must make an Intelligence saving throw.","(GameplayTags=((TagName=""Spell.Damage""),(TagName=""Spell.Debuff"")))","{'Range': '150', 'CastingTime': '1 action', 'Components': 'V, S, M', 'Duration': 'Instantaneous', 'Damage': '4d6', 'Effect': 'INT and CHA become 1, can't cast spells'}"
SPL_PowerWordStun,Power Word Stun,SPL_PowerWordStun,8,"(DataTable=""/Game/Data/SpellSchoolDataTable"",RowName=""SCH_Enchantment"")","(DataTable=None,RowName=None)","You speak a word of power that can overwhelm the mind of one creature you can see within range, leaving it dumbfounded. If the target has 150 hit points or fewer, it is stunned. Otherwise, the spell has no effect.","(GameplayTags=((TagName=""Spell.Debuff""),(TagName=""Spell.Target"")))","{'Range': '60', 'CastingTime': '1 action', 'Components': 'V', 'Duration': 'Instantaneous', 'Effect': 'Stunned if 150 HP or less'}"
SPL_Wish,Wish,SPL_Wish,9,"(DataTable=""/Game/Data/SpellSchoolDataTable"",RowName=""SCH_Conjuration"")","(DataTable=None,RowName=None)","Wish is the mightiest spell a mortal creature can cast. By simply speaking aloud, you can alter the very foundations of reality in accord with your desires.","(GameplayTags=((TagName=""Spell.Buff"")))","{'Range': 'Self', 'CastingTime': '1 action', 'Components': 'V', 'Duration': 'Instantaneous', 'Effect': 'Alter reality within limits'}"
SPL_MeteorSwarm,Meteor Swarm,SPL_MeteorSwarm,9,"(DataTable=""/Game/Data/SpellSchoolDataTable"",RowName=""SCH_Evocation"")","(DataTable=""/Game/Data/DamageTypeDataTable"",RowName=""DMG_Fire"")","Blazing orbs of fire plummet to the ground at four different points you can see within range. Each creature in a 40-foot-radius sphere centered on each point you choose must make a Dexterity saving throw. The sphere spreads around corners. A creature takes 20d6 fire damage and 20d6 bludgeoning damage on a failed save, or half as much damage on a successful one.","(GameplayTags=((TagName=""Spell.Damage""),(TagName=""Spell.Area"")))","{'Range': '1 mile', 'CastingTime': '1 action', 'Components': 'V, S', 'Duration': 'Instantaneous', 'Damage': '20d6 fire + 20d6 bludgeoning'}"
SPL_PowerWordKill,Power Word Kill,SPL_PowerWordKill,9,"(DataTable=""/Game/Data/SpellSchoolDataTable"",RowName=""SCH_Enchantment"")","(DataTable=None,RowName=None)","You utter a word of power that can compel one creature you can see within range to die instantly. If the creature you choose has 100 hit points or fewer, it dies. Otherwise, the spell has no effect.","(GameplayTags=((TagName=""Spell.Damage""),(TagName=""Spell.Target"")))","{'Range': '60', 'CastingTime': '1 action', 'Components': 'V', 'Duration': 'Instantaneous', 'Effect': 'Instant death if 100 HP or less'}"
SPL_TrueResurrection,True Resurrection,SPL_TrueResurrection,9,"(DataTable=""/Game/Data/SpellSchoolDataTable"",RowName=""SCH_Necromancy"")","(DataTable=None,RowName=None)","You touch a creature that has been dead for no longer than 200 years and that didn't die of old age. If the creature's soul is free and willing, the creature is restored to life with all its hit points.","(GameplayTags=((TagName=""Spell.Healing"")))","{'Range': 'Touch', 'CastingTime': '1 hour', 'Components': 'V, S, M', 'Duration': 'Instantaneous', 'Effect': 'Resurrect creature dead up to 200 years'}"
SPL_TimeStop,Time Stop,SPL_TimeStop,9,"(DataTable=""/Game/Data/SpellSchoolDataTable"",RowName=""SCH_Transmutation"")","(DataTable=None,RowName=None)","You briefly stop the flow of time for everyone but yourself. No time passes for other creatures, while you take 1d4 + 1 turns in a row, during which you can use actions and move as normal.","(GameplayTags=((TagName=""Spell.Buff"")))","{'Range': 'Self', 'CastingTime': '1 action', 'Components': 'V', 'Duration': 'Instantaneous', 'Effect': '1d4+1 turns for you, time stops for others'}"
SPL_Weird,Weird,SPL_Weird,9,"(DataTable=""/Game/Data/SpellSchoolDataTable"",RowName=""SCH_Illusion"")","(DataTable=""/Game/Data/DamageTypeDataTable"",RowName=""DMG_Psychic"")","Drawing on the deepest fears of a group of creatures, you create illusory creatures in their minds, visible only to them. Each creature in a 30-foot-radius sphere centered on a point of your choice within range must make a Wisdom saving throw. On a failed save, a creature becomes frightened for the duration. The illusion calls on the creature's deepest fears, manifesting its worst nightmares as an implacable threat. At the end of each of the frightened creature's turns, it must succeed on a Wisdom saving throw or take 4d10 psychic damage. On a successful save, the spell ends for that creature.","(GameplayTags=((TagName=""Spell.Damage""),(TagName=""Spell.Debuff""),(TagName=""Spell.Area"")))","{'Range': '120', 'CastingTime': '1 action', 'Components': 'V, S', 'Duration': 'Concentration, up to 1 minute', 'Damage': '4d10 per turn', 'Effect': 'Frightened condition'}"
